iter	Logloss
0	0.6014502454
1	0.5301802061
2	0.4588803677
3	0.4091036513
4	0.3649565398
5	0.3304406614
6	0.2982020581
7	0.273924682
8	0.2588528862
9	0.2405044376
10	0.2279140304
11	0.2146127472
12	0.2036775378
13	0.19414601
14	0.1880552749
15	0.1818897814
16	0.1764111916
17	0.1726486641
18	0.1688801324
19	0.1655060427
20	0.1629260704
21	0.1606447193
22	0.1580205276
23	0.1554726054
24	0.1530625163
25	0.1509378933
26	0.149075575
27	0.1473982794
28	0.1459229668
29	0.1441447357
